seed,round,agent_name,agent_role,agent_action,forecast_demand,demand_true,demand_obs,trend_component,season_component,shock_component,noise_component,market_avg_price,market_total_sales,inventory_start,reputation_start,rep_delivery_start,rep_pricing_start,rep_cooperation_start,price,quantity,available_supply,attractiveness,demand_share,allocated_demand,shortage_pre_transfer,surplus_pre_transfer,transfer_in,transfer_out,transfer_cost,transfer_revenue,coop_accept_rate,realized_sales,shortage_post_transfer,inventory_end,obsolescence_units,revenue,prod_cost,holding_cost,obsolescence_cost,sla_penalty,menu_cost,profit,cum_profit,service_rate,help_ratio,dump_flag,default_flag,rep_delivery_end,rep_pricing_end,rep_cooperation_end,reputation_end
7,0,Hyperscaler,hyperscaler,forecast=184;price=4.00;quantity=100,184,181,184,180.0,2.9552020666133956,0.0,-1.791162019133203,5.2,177.05079463843342,30.0,0.65,0.65,0.65,0.65,4.0,100,130.0,-1.9699999999999998,0.5840819993894985,105.71884188949922,0.0,24.281158110500783,0.0,0.0,0.0,0.0,0.0,105.71884188949922,0.0,18.210868582875587,6.070289527625196,422.87536755799687,450.0,1.8210868582875588,1.517572381906299,0.0,0.011999999999999993,-30.47529168219699,-30.47529168219699,1.0,0.0,1,0,0.7375,0.48750000000000004,0.48750000000000004,0.6125
7,0,PremiumCloud,premium,forecast=184;price=6.60;quantity=10,184,181,184,180.0,2.9552020666133956,0.0,-1.791162019133203,5.2,177.05079463843342,20.0,0.8,0.8,0.8,0.8,6.6,10,30.0,-3.3599999999999994,0.1454804019278132,26.33195274893419,0.0,3.6680472510658113,0.0,0.0,0.0,0.0,0.0,26.33195274893419,0.0,2.934437800852649,0.7336094502131623,173.79088814296563,35.0,0.23475502406821191,0.14672189004263245,0.0,0.023999999999999987,138.38541122885476,138.38541122885476,1.0,0.0,0,0,0.8500000000000001,0.8500000000000001,0.6000000000000001,0.8
7,0,SpotBroker,spot,forecast=184;price=5.00;quantity=30,184,181,184,180.0,2.9552020666133956,0.0,-1.791162019133203,5.2,177.05079463843342,15.0,0.55,0.55,0.55,0.55,5.0,30,45.0,-2.74,0.27043759868268835,48.94920536156659,3.949205361566591,0.0,0.0,0.0,0.0,0.0,0.0,45.0,3.949205361566591,0.0,0.0,225.0,115.2,0.0,0.0,5.133966970036568,0.0029999999999999892,104.66303302996343,104.66303302996343,0.91932033763581,0.0,0,0,0.6423300844089526,0.6625000000000001,0.55,0.6299150422044762
7,1,Hyperscaler,hyperscaler,forecast=184;price=4.00;quantity=110,184,197,195,180.6,18.94984674310608,0.0,-2.3886960620916744,5.133333333333333,197.0,18.210868582875577,0.6125,0.7375,0.48750000000000004,0.48750000000000004,4.0,110,128.21086858287558,-2.0149999999999997,0.5336986625387197,105.13863652012778,0.0,23.0722320627478,0.0,0.0,0.0,0.0,0.0,105.13863652012778,0.0,17.30417404706085,5.76805801568695,420.5545460805111,511.5,1.7304174047060852,1.4420145039217376,0.0,0.0,-94.11788582811673,-124.59317751031372,1.0,0.0,1,0,0.8031250000000001,0.36562500000000003,0.48750000000000004,0.6087500000000001
7,1,PremiumCloud,premium,forecast=184;price=6.60;quantity=30,184,197,195,180.6,18.94984674310608,0.0,-2.3886960620916744,5.133333333333333,197.0,2.934437800852649,0.8,0.8500000000000001,0.8500000000000001,0.6000000000000001,6.6,30,32.93443780085265,-3.3599999999999994,0.13904969362309774,27.392789643750255,0.0,5.541648157102394,0.0,0.0,0.0,0.0,0.0,27.392789643750255,0.0,4.433318525681915,1.1083296314204787,180.79241164875168,111.0,0.35466548205455317,0.22166592628409576,0.0,0.0,69.21608024041304,207.60149146926778,1.0,0.0,0,0,0.8875000000000001,0.8875000000000001,0.6000000000000001,0.83
7,1,SpotBroker,spot,forecast=184;price=4.80;quantity=70,184,197,195,180.6,18.94984674310608,0.0,-2.3886960620916744,5.133333333333333,197.0,0.0,0.6299150422044762,0.6423300844089526,0.6625000000000001,0.55,4.8,70,70.0,-2.504101949354628,0.32725164383818256,64.46857383612196,0.0,5.531426163878038,0.0,0.0,0.0,0.0,0.0,64.46857383612196,0.0,4.3145124078248696,1.2169137560531684,309.44915441338543,291.2,0.5177414889389843,0.26772102633169703,0.0,0.006000000000000005,17.45769189811476,122.12072492807819,1.0,0.0,0,0,0.7317475633067144,0.7468750000000001,0.55,0.6999362816533572
7,2,Hyperscaler,hyperscaler,forecast=198;price=4.00;quantity=120,198,198,197,181.2,24.134117409591216,0.0,-7.585040560200625,5.3999999999999995,198.0,17.304174047060854,0.6087500000000001,0.8031250000000001,0.36562500000000003,0.48750000000000004,4.0,120,137.30417404706085,-2.0195,0.584325358760313,115.69642103454197,0.0,21.607753012518884,0.0,0.0,0.0,0.0,0.0,115.69642103454197,0.0,16.205814759389163,5.401938253129721,462.7856841381679,576.0,1.6205814759389163,1.3504845632824303,0.0,0.0,-116.18538190105347,-240.7785594113672,1.0,0.0,1,0,0.8523437500000001,0.27421875,0.48750000000000004,0.6059375
7,2,PremiumCloud,premium,forecast=193;price=7.00;quantity=30,193,198,197,181.2,24.134117409591216,0.0,-7.585040560200625,5.3999999999999995,198.0,4.433318525681912,0.83,0.8875000000000001,0.8875000000000001,0.6000000000000001,7.0,30,34.43331852568191,-3.6039999999999996,0.11981608580849641,23.72358499008229,0.0,10.709733535599621,0.0,0.0,0.0,0.0,0.0,23.72358499008229,0.0,8.567786828479697,2.1419467071199243,166.06509493057604,111.0,0.6854229462783757,0.4283893414239849,0.0,0.008000000000000007,53.94328264287367,261.54477411214145,1.0,0.0,0,0,0.915625,0.915625,0.6000000000000001,0.8524999999999999
7,2,SpotBroker,spot,forecast=200;price=5.20;quantity=60,200,198,197,181.2,24.134117409591216,0.0,-7.585040560200625,5.3999999999999995,198.0,4.314512407824864,0.6999362816533572,0.7317475633067144,0.7468750000000001,0.55,5.2,60,64.31451240782486,-2.700076462015971,0.2958585554311906,58.57999397537574,0.0,5.734518432449121,0.0,0.0,0.0,0.0,0.0,58.57999397537574,0.0,4.4729243773103144,1.2615940551388067,304.61596867195385,244.8,0.5367509252772377,0.27755069213053746,0.0,0.01200000000000001,58.98966705454606,181.11039198262426,1.0,0.0,0,0,0.7988106724800358,0.81015625,0.55,0.7524522112400179
7,3,Hyperscaler,hyperscaler,forecast=198;price=4.00;quantity=120,198,202,204,181.8,15.816042990667249,0.0,4.370153414813965,5.466666666666666,202.0,16.20581475938917,0.6059375,0.8523437500000001,0.27421875,0.48750000000000004,4.0,120,136.20581475938917,-2.022875,0.594611865620332,120.11159685530706,0.0,16.094217904082115,0.0,0.0,0.0,0.0,0.0,120.11159685530706,0.0,12.070663428061586,4.023554476020529,480.4463874212282,576.0,1.2070663428061588,1.0058886190051322,0.0,0.0,-97.76656754058307,-338.5451269519503,1.0,0.0,1,0,0.8892578125,0.20566406250000002,0.48750000000000004,0.603828125
7,3,PremiumCloud,premium,forecast=195;price=7.00;quantity=30,195,202,204,181.8,15.816042990667249,0.0,4.370153414813965,5.466666666666666,202.0,8.567786828479697,0.8524999999999999,0.915625,0.915625,0.6000000000000001,7.0,30,38.5677868284797,-3.5769999999999995,0.1256856396460406,25.3884992085002,0.0,13.179287619979497,0.0,0.0,0.0,0.0,0.0,25.3884992085002,0.0,10.543430095983599,2.6358575239958997,177.7194944595014,111.0,0.8434744076786879,0.52717150479918,0.0,0.0,65.34884854702352,326.893622659165,1.0,0.0,0,0,0.93671875,0.93671875,0.6000000000000001,0.869375
7,3,SpotBroker,spot,forecast=200;price=5.40;quantity=60,200,202,204,181.8,15.816042990667249,0.0,4.370153414813965,5.466666666666666,202.0,4.472924377310321,0.7524522112400179,0.7988106724800358,0.81015625,0.55,5.4,60,64.47292437731032,-2.7770573465119783,0.2797024947336274,56.49990393619274,0.0,7.973020441117583,0.0,0.0,0.0,0.0,0.0,56.49990393619274,0.0,6.218955944071715,1.7540644970458683,305.0994812554408,244.8,0.7462747132886058,0.385894189350091,0.0,0.006000000000000005,59.16131235280211,240.27170433542636,1.0,0.0,0,0,0.8491080043600269,0.8576171875,0.55,0.7918391584300134
7,4,Hyperscaler,hyperscaler,forecast=205;price=4.00;quantity=120,205,193,194,182.4,1.267042531464278,0.0,9.22472258889395,5.466666666666666,193.0,12.070663428061579,0.603828125,0.8892578125,0.20566406250000002,0.48750000000000004,4.0,120,132.07066342806158,-2.0254062499999996,0.5845708712744783,112.8221781559743,0.0,19.24848527208728,0.0,0.0,0.0,0.0,0.0,112.8221781559743,0.0,14.43636395406546,4.81212131802182,451.2887126238972,576.0,1.443636395406546,1.203030329505455,0.0,0.0,-127.3579541010148,-465.9030810529651,1.0,0.0,1,0,0.916943359375,0.15424804687500002,0.48750000000000004,0.60224609375
7,4,PremiumCloud,premium,forecast=202;price=7.00;quantity=20,202,193,194,182.4,1.267042531464278,0.0,9.22472258889395,5.466666666666666,193.0,10.543430095983599,0.869375,0.93671875,0.93671875,0.6000000000000001,7.0,20,30.5434300959836,-3.556749999999999,0.12641046546339837,24.397219834435887,0.0,6.146210261547711,0.0,0.0,0.0,0.0,0.0,24.397219834435887,0.0,4.91696820923817,1.2292420523095424,170.78053884105123,72.0,0.3933574567390536,0.2458484104619085,0.0,0.0,98.14133297385027,425.0349556330152,1.0,0.0,0,0,0.9525390625000001,0.9525390625000001,0.6000000000000001,0.88203125
7,4,SpotBroker,spot,forecast=207;price=5.40;quantity=60,207,193,194,182.4,1.267042531464278,0.0,9.22472258889395,5.466666666666666,193.0,6.218955944071709,0.7918391584300134,0.8491080043600269,0.8576171875,0.55,5.4,60,66.21895594407171,-2.7297930098839838,0.28901866326212333,55.780602009589806,0.0,10.438353934481903,0.0,0.0,0.0,0.0,0.0,55.780602009589806,0.0,8.141916068895885,2.2964378655860185,301.21525085178496,244.8,0.9770299282675061,0.5052163304289241,0.0,0.0,54.93300459308852,295.2047089285149,1.0,0.0,0,0,0.8868310032700202,0.8932128906250001,0.55,0.8213793688225101
7,5,Hyperscaler,hyperscaler,forecast=198;price=4.00;quantity=120,198,182,183,183.0,-7.797644698516018,0.0,6.914512607298582,5.466666666666666,182.0,14.436363954065456,0.60224609375,0.916943359375,0.15424804687500002,0.48750000000000004,4.0,120,134.43636395406546,-2.0273046874999996,0.5769685151380949,105.00826975513327,0.0,29.428094198932186,0.0,0.0,0.0,0.0,0.0,105.00826975513327,0.0,22.07107064919914,7.3570235497330465,420.0330790205331,576.0,2.207107064919914,1.8392558874332616,0.0,0.0,-160.0132839318201,-625.9163649847852,1.0,0.0,1,0,0.9377075195312501,0.11568603515625,0.48750000000000004,0.6010595703125001
7,5,PremiumCloud,premium,forecast=197;price=7.00;quantity=30,197,182,183,183.0,-7.797644698516018,0.0,6.914512607298582,5.466666666666666,182.0,4.916968209238171,0.88203125,0.9525390625000001,0.9525390625000001,0.6000000000000001,7.0,30,34.91696820923817,-3.5415624999999995,0.12691656296653114,23.098814459908667,0.0,11.818153749329504,0.0,0.0,0.0,0.0,0.0,23.098814459908667,0.0,9.454522999463604,2.363630749865901,161.69170121936065,111.0,0.7563618399570884,0.47272614997318024,0.0,0.0,49.46261322943039,474.49756886244563,1.0,0.0,0,0,0.9644042968750001,0.9644042968750001,0.6000000000000001,0.8915234375
7,5,SpotBroker,spot,forecast=200;price=5.40;quantity=60,200,182,183,183.0,-7.797644698516018,0.0,6.914512607298582,5.466666666666666,182.0,8.141916068895881,0.8213793688225101,0.8868310032700202,0.8932128906250001,0.55,5.4,60,68.14191606889588,-2.6943447574129875,0.29611492189537403,53.89291578495807,0.0,14.24900028393781,0.0,0.0,0.0,0.0,0.0,53.89291578495807,0.0,11.114220221471493,3.1347800624663185,291.0217452387736,244.8,1.3337064265765792,0.6896516137425901,0.0,0.0,44.1983871984544,339.4030961269693,1.0,0.0,0,0,0.9151232524525151,0.9199096679687501,0.55,0.8435345266168826
7,6,Hyperscaler,hyperscaler,forecast=187;price=4.00;quantity=100,187,171,175,183.6,-4.073969091654618,0.0,-8.55090700389924,5.466666666666666,171.0,22.071070649199143,0.6010595703125001,0.9377075195312501,0.11568603515625,0.48750000000000004,4.0,100,122.07107064919914,-2.0287285156249997,0.5712286565398678,97.68010026831739,0.0,24.390970380881754,0.0,0.0,0.0,0.0,0.0,97.68010026831739,0.0,18.293227785661315,6.0977425952204385,390.72040107326956,450.0,1.8293227785661317,1.5244356488051096,0.0,0.0,-62.63335735410168,-688.5497223388869,1.0,0.0,1,0,0.9532806396484376,0.08676452636718751,0.48750000000000004,0.600169677734375
7,6,PremiumCloud,premium,forecast=188;price=7.00;quantity=20,188,171,175,183.6,-4.073969091654618,0.0,-8.55090700389924,5.466666666666666,171.0,9.454522999463606,0.8915234375,0.9644042968750001,0.9644042968750001,0.6000000000000001,7.0,20,29.454522999463606,-3.5301718749999997,0.12727450612507513,21.763940547387847,0.0,7.690582452075759,0.0,0.0,0.0,0.0,0.0,21.763940547387847,0.0,6.152465961660607,1.5381164904151519,152.34758383171493,72.0,0.4921972769328486,0.3076232980830304,0.0,0.0,79.54776325669906,554.0453321191446,1.0,0.0,0,0,0.97330322265625,0.97330322265625,0.6000000000000001,0.8986425781249999
7,6,SpotBroker,spot,forecast=188;price=5.40;quantity=60,188,171,175,183.6,-4.073969091654618,0.0,-8.55090700389924,5.466666666666666,171.0,11.114220221471498,0.8435345266168826,0.9151232524525151,0.9199096679687501,0.55,5.4,60,71.1142202214715,-2.6677585680597407,0.30149683733505717,51.55595918429478,0.0,19.55826103717672,0.0,0.0,0.0,0.0,0.0,51.55595918429478,0.0,15.255443608997842,4.302817428178878,278.4021795951918,244.8,1.830653233079741,0.9466198341993532,0.0,0.0,30.82490652791269,370.22800265488195,1.0,0.0,0,0,0.9363424393393863,0.9399322509765625,0.55,0.8601508949626618
7,7,Hyperscaler,hyperscaler,forecast=177;price=4.00;quantity=100,177,194,196,184.2,9.809933289465183,0.0,-0.3032142304916152,5.533333333333334,194.0,18.293227785661315,0.600169677734375,0.9532806396484376,0.08676452636718751,0.48750000000000004,4.0,100,118.29322778566132,-2.0297963867187496,0.5904748722628013,114.55212521898345,0.0,3.741102566677867,0.0,0.0,0.0,0.0,0.0,114.55212521898345,0.0,2.8058269250084003,0.9352756416694668,458.2085008759338,450.0,0.28058269250084006,0.2338189104173667,0.0,0.0,7.6940992730155875,-680.8556230658713,1.0,0.0,1,0,0.9649604797363281,0.06507339477539063,0.48750000000000004,0.5995022583007813
7,7,PremiumCloud,premium,forecast=178;price=7.00;quantity=30,178,194,196,184.2,9.809933289465183,0.0,-0.3032142304916152,5.533333333333334,194.0,6.15246596166061,0.8986425781249999,0.97330322265625,0.97330322265625,0.6000000000000001,7.0,30,36.15246596166061,-3.5216289062499992,0.1328332472992893,25.769649976062126,0.0,10.382815985598484,0.0,0.0,0.0,0.0,0.0,25.769649976062126,0.0,8.306252788478787,2.0765631971196967,180.3875498324349,111.0,0.6645002230783029,0.41531263942393937,0.0,0.0,68.30773696993265,622.3530690890773,1.0,0.0,0,0,0.9799774169921875,0.9799774169921875,0.6000000000000001,0.90398193359375
7,7,SpotBroker,spot,forecast=178;price=5.60;quantity=50,178,194,196,184.2,9.809933289465183,0.0,-0.3032142304916152,5.533333333333334,194.0,15.255443608997837,0.8601508949626618,0.9363424393393863,0.9399322509765625,0.55,5.6,50,65.25544360899784,-2.787818926044805,0.2766918804379095,53.67822480495444,0.0,11.577218804043397,0.0,0.0,0.0,0.0,0.0,53.67822480495444,0.0,9.03023066715385,2.5469881368895475,300.5980589077448,200.0,1.0836276800584619,0.5603373901157005,0.0,0.0059999999999999784,98.94809383757065,469.1760964924526,1.0,0.0,0,0,0.9522568295045397,0.9549491882324219,0.55,0.8726131712219963
7,8,Hyperscaler,hyperscaler,forecast=189;price=4.00;quantity=120,189,196,187,184.8,23.265094512552736,0.0,-11.975998266660184,5.533333333333334,196.0,2.805826925008404,0.5995022583007813,0.9649604797363281,0.06507339477539063,0.48750000000000004,4.0,120,122.8058269250084,-2.0305972900390623,0.5873297690814766,115.11663473996941,0.0,7.689192185038991,0.0,0.0,0.0,0.0,0.0,115.11663473996941,0.0,5.766894138779243,1.9222980462597477,460.46653895987765,576.0,0.5766894138779243,0.4805745115649369,0.0,0.0,-116.59072496556522,-797.4463480314365,1.0,0.0,1,0,0.9737203598022461,0.04880504608154297,0.48750000000000004,0.599001693725586
7,8,PremiumCloud,premium,forecast=189;price=7.00;quantity=20,189,196,187,184.8,23.265094512552736,0.0,-11.975998266660184,5.533333333333334,196.0,8.306252788478787,0.90398193359375,0.9799774169921875,0.9799774169921875,0.6000000000000001,7.0,20,28.306252788478787,-3.5152216796874995,0.13308154486517207,26.083982793573725,0.0,2.222269994905062,0.0,0.0,0.0,0.0,0.0,26.083982793573725,0.0,1.7778159959240498,0.44445399898101245,182.58787955501606,72.0,0.14222527967392398,0.0888907997962025,0.0,0.0,110.35676347554593,732.7098325646232,1.0,0.0,0,0,0.9849830627441407,0.9849830627441407,0.6000000000000001,0.9079864501953125
7,8,SpotBroker,spot,forecast=191;price=5.60;quantity=60,191,196,187,184.8,23.265094512552736,0.0,-11.975998266660184,5.533333333333334,196.0,9.030230667153845,0.8726131712219963,0.9522568295045397,0.9549491882324219,0.55,5.6,60,69.03023066715384,-2.7728641945336037,0.27958868605335135,54.79938246645686,0.0,14.230848200696983,0.0,0.0,0.0,0.0,0.0,54.79938246645686,0.0,11.100061596543647,3.1307866041533363,306.8765418121584,244.8,1.3320073915852375,0.688773052913734,0.0,0.0,60.055761367659414,529.231857860112,1.0,0.0,0,0,0.9641926221284047,0.9662118911743165,0.55,0.8819598784164974
7,9,Hyperscaler,hyperscaler,forecast=187;price=4.00;quantity=120,187,200,198,185.4,25.721284691251743,0.0,-11.616506633645592,5.466666666666666,199.99999999999997,5.766894138779236,0.599001693725586,0.9737203598022461,0.04880504608154297,0.48750000000000004,4.0,120,125.76689413877924,-2.0311979675292964,0.561200767974669,112.2401535949338,0.0,13.526740543845435,0.0,0.0,0.0,0.0,0.0,112.2401535949338,0.0,10.145055407884076,3.3816851359613587,448.9606143797352,576.0,1.0145055407884076,0.8454212839903397,0.0,0.0,-128.89931244504353,-926.34566047648,1.0,0.0,1,0,0.9802902698516847,0.03660378456115723,0.48750000000000004,0.5986262702941896
7,9,PremiumCloud,premium,forecast=187;price=7.00;quantity=30,187,200,198,185.4,25.721284691251743,0.0,-11.616506633645592,5.466666666666666,199.99999999999997,1.7778159959240512,0.9079864501953125,0.9849830627441407,0.9849830627441407,0.6000000000000001,7.0,30,31.77781599592405,-3.5104162597656243,0.1278503480982811,25.570069619656223,0.0,6.207746376267828,0.0,0.0,0.0,0.0,0.0,25.570069619656223,0.0,4.966197101014263,1.2415492752535657,178.99048733759355,111.0,0.39729576808114103,0.24830985505071315,0.0,0.0,67.3448817144617,800.0547142790849,1.0,0.0,0,0,0.9887372970581055,0.9887372970581055,0.6000000000000001,0.9109898376464843
7,9,SpotBroker,spot,forecast=188;price=5.40;quantity=60,188,200,198,185.4,25.721284691251743,0.0,-11.616506633645592,5.466666666666666,199.99999999999997,11.10006159654364,0.8819598784164974,0.9641926221284047,0.9662118911743165,0.55,5.4,60,71.10006159654364,-2.621648145900203,0.3109488839270498,62.189776785409954,0.0,8.910284811133685,0.0,0.0,0.0,0.0,0.0,62.189776785409954,0.0,6.950022152684275,1.9602626584494107,335.82479464121377,244.8,0.834002658322113,0.43125778485887034,0.0,0.0059999999999999784,89.75353419803278,618.9853920581447,1.0,0.0,0,0,0.9731444665963036,0.9746589183807374,0.55,0.8889699088123729
7,10,Hyperscaler,hyperscaler,forecast=197;price=4.00;quantity=120,197,198,198,186.0,14.605762958259467,0.0,-3.0893060423134315,5.466666666666666,197.99999999999997,10.145055407884087,0.5986262702941896,0.9802902698516847,0.03660378456115723,0.48750000000000004,4.0,120,130.1450554078841,-2.031648475646972,0.5593618786086703,110.7536519645167,0.0,19.39140344336738,0.0,0.0,0.0,0.0,0.0,110.7536519645167,0.0,14.543552582525535,4.847850860841845,443.0146078580668,576.0,1.4543552582525536,1.2119627152104613,0.0,0.0,-135.65171011539618,-1061.9973705918762,1.0,0.0,1,0,0.9852177023887635,0.027452838420867924,0.48750000000000004,0.5983447027206421
7,10,PremiumCloud,premium,forecast=195;price=7.00;quantity=30,195,198,198,186.0,14.605762958259467,0.0,-3.0893060423134315,5.466666666666666,197.99999999999997,4.966197101014259,0.9109898376464843,0.9887372970581055,0.9887372970581055,0.6000000000000001,7.0,30,34.96619710101426,-3.506812194824218,0.12794914910142952,25.333931522083045,0.0,9.632265578931214,0.0,0.0,0.0,0.0,0.0,25.333931522083045,0.0,7.705812463144972,1.926453115786243,177.3375206545813,111.0,0.6164649970515977,0.3852906231572486,0.0,0.0,65.33576503437247,865.3904793134574,1.0,0.0,0,0,0.9915529727935791,0.9915529727935791,0.6000000000000001,0.9132423782348632
7,10,SpotBroker,spot,forecast=199;price=5.40;quantity=70,199,198,198,186.0,14.605762958259467,0.0,-3.0893060423134315,5.466666666666666,197.99999999999997,6.950022152684269,0.8889699088123729,0.9731444665963036,0.9746589183807374,0.55,5.4,70,76.95002215268427,-2.613236109425152,0.31268897228990017,61.91241651340023,0.0,15.037605639284038,0.0,0.0,0.0,0.0,0.0,61.91241651340023,0.0,11.72933239864155,3.3082732406424884,334.3270491723613,291.2,1.407519887836986,0.7278201129413474,0.0,0.0,40.99170917158297,659.9771012297277,1.0,0.0,0,0,0.9798583499472278,0.980994188785553,0.55,0.8942274316092798
7,11,Hyperscaler,hyperscaler,forecast=200;price=4.00;quantity=120,200,186,183,186.6,-2.6877897700276288,0.0,2.25663656990527,5.466666666666666,186.0,14.543552582525535,0.5983447027206421,0.9852177023887635,0.027452838420867924,0.48750000000000004,4.0,120,134.54355258252554,-2.031986356735229,0.5579808679332184,103.78444143557863,0.0,30.759111146946907,0.0,0.0,0.0,0.0,0.0,103.78444143557863,0.0,23.06933336021018,7.689777786736727,415.1377657423145,576.0,2.306933336021018,1.9224444466841817,0.0,0.0,-165.0916120403907,-1227.0889826322668,1.0,0.0,1,0,0.9889132767915726,0.02058962881565094,0.48750000000000004,0.5981335270404816
7,11,PremiumCloud,premium,forecast=197;price=7.00;quantity=30,197,186,183,186.6,-2.6877897700276288,0.0,2.25663656990527,5.466666666666666,186.0,7.705812463144973,0.9132423782348632,0.9915529727935791,0.9915529727935791,0.6000000000000001,7.0,30,37.70581246314497,-3.5041091461181635,0.12802196945417668,23.81208631847686,0.0,13.893726144668111,0.0,0.0,0.0,0.0,0.0,23.81208631847686,0.0,11.11498091573449,2.7787452289336225,166.68460422933802,111.0,0.8891984732587592,0.5557490457867246,0.0,0.0,54.239656710292536,919.6301360237499,1.0,0.0,0,0,0.9936647295951844,0.9936647295951844,0.6000000000000001,0.9149317836761475
7,11,SpotBroker,spot,forecast=202;price=5.40;quantity=70,202,186,183,186.6,-2.6877897700276288,0.0,2.25663656990527,5.466666666666666,186.0,11.729332398641546,0.8942274316092798,0.9798583499472278,0.980994188785553,0.55,5.4,70,81.72933239864155,-2.6069270820688644,0.3139971626126049,58.40347224594451,0.0,23.325860152697032,0.0,0.0,0.0,0.0,0.0,58.40347224594451,0.0,18.194170919103687,5.131689233593347,315.3787501281004,291.2,2.1833005102924425,1.1289716313905365,0.0,0.0,20.86647798641745,680.8435792161451,1.0,0.0,0,0,0.9848937624604208,0.9857456415891648,0.55,0.8981705737069597
7,12,Hyperscaler,hyperscaler,forecast=187;price=4.00;quantity=100,187,176,178,187.2,-14.324184120126024,0.0,3.1764085009335394,5.466666666666666,176.0,23.06933336021018,0.5981335270404816,0.9889132767915726,0.02058962881565094,0.48750000000000004,4.0,100,123.06933336021018,-2.032239767551422,0.5569440866654144,98.02215925311293,0.0,25.04717410709725,0.0,0.0,0.0,0.0,0.0,98.02215925311293,0.0,18.785380580322936,6.261793526774312,392.0886370124517,450.0,1.8785380580322937,1.565448381693578,0.0,0.0,-61.35534942727414,-1288.444332059541,1.0,0.0,1,0,0.9916849575936795,0.015442221611738206,0.48750000000000004,0.5979751452803612
7,12,PremiumCloud,premium,forecast=188;price=7.00;quantity=20,188,176,178,187.2,-14.324184120126024,0.0,3.1764085009335394,5.466666666666666,176.0,11.114980915734492,0.9149317836761475,0.9936647295951844,0.9936647295951844,0.6000000000000001,7.0,20,31.114980915734492,-3.5020818595886225,0.12807586195016957,22.541351703229843,0.0,8.573629212504649,0.0,0.0,0.0,0.0,0.0,22.541351703229843,0.0,6.85890337000372,1.71472584250093,157.7894619226089,72.0,0.5487122696002976,0.342945168500186,0.0,0.0,84.89780448450841,1004.5279405082583,1.0,0.0,0,0,0.9952485471963883,0.9952485471963883,0.6000000000000001,0.9161988377571106
7,12,SpotBroker,spot,forecast=188;price=5.40;quantity=60,188,176,178,187.2,-14.324184120126024,0.0,3.1764085009335394,5.466666666666666,176.0,18.194170919103684,0.8981705737069597,0.9848937624604208,0.9857456415891648,0.55,5.4,60,78.19417091910368,-2.602195311551648,0.31498005138441604,55.436489043657225,0.0,22.75768187544646,0.0,0.0,0.0,0.0,0.0,55.436489043657225,0.0,17.750991862848238,5.006690012598221,299.35704083574905,244.8,2.1301190235417886,1.1014718027716086,0.0,0.0,51.32545000943564,732.1690292255807,1.0,0.0,0,0,0.9886703218453157,0.9893092311918736,0.55,0.9011279302802199
7,13,Hyperscaler,hyperscaler,forecast=181;price=4.00;quantity=100,181,172,181,187.8,-12.886974542847518,0.0,-3.1985776073049035,5.466666666666666,172.0,18.785380580322936,0.5979751452803612,0.9916849575936795,0.015442221611738206,0.48750000000000004,4.0,100,118.78538058032294,-2.0324298256635664,0.556165930979707,95.66054012850961,0.0,23.124840451813327,0.0,0.0,0.0,0.0,0.0,95.66054012850961,0.0,17.343630338859995,5.781210112953332,382.64216051403844,450.0,1.7343630338859997,1.445302528238333,0.0,0.0,-70.53750504808589,-1358.981837107627,1.0,0.0,1,0,0.9937637181952597,0.011581666208803654,0.48750000000000004,0.597856358960271
7,13,PremiumCloud,premium,forecast=181;price=7.00;quantity=30,181,172,181,187.8,-12.886974542847518,0.0,-3.1985776073049035,5.466666666666666,172.0,6.858903370003716,0.9161988377571106,0.9952485471963883,0.9952485471963883,0.6000000000000001,7.0,30,36.858903370003716,-3.5005613946914664,0.12811587370203614,22.035930276750218,0.0,14.822973093253498,0.0,0.0,0.0,0.0,0.0,22.035930276750218,0.0,11.8583784746028,2.9645946186507,154.25151193725154,111.0,0.948670277968224,0.59291892373014,0.0,0.0,41.70992273555317,1046.2378632438115,1.0,0.0,0,0,0.9964364103972913,0.9964364103972913,0.6000000000000001,0.9171491283178329
7,13,SpotBroker,spot,forecast=182;price=5.40;quantity=50,182,172,181,187.8,-12.886974542847518,0.0,-3.1985776073049035,5.466666666666666,172.0,17.750991862848238,0.9011279302802199,0.9886703218453157,0.9893092311918736,0.55,5.4,50,67.75099186284824,-2.598646483663736,0.31571819531825684,54.303529594740176,0.0,13.447462268108062,0.0,0.0,0.0,0.0,0.0,54.303529594740176,0.0,10.489020569124289,2.9584416989837736,293.239059811597,200.0,1.2586824682949147,0.6508571737764302,0.0,0.0,91.32952016952562,823.4985493951064,1.0,0.0,0,0,0.9915027413839868,0.9919819233939052,0.55,0.903345947710165
7,14,Hyperscaler,hyperscaler,forecast=179;price=4.00;quantity=100,179,190,196,188.4,-0.9043675636014175,0.0,2.4569055677849825,5.466666666666666,190.00000000000003,17.343630338859995,0.597856358960271,0.9937637181952597,0.011581666208803654,0.48750000000000004,4.0,100,117.34363033886,-2.0325723692476747,0.5555819962170658,105.56057928124251,0.0,11.783051057617485,0.0,0.0,0.0,0.0,0.0,105.56057928124251,0.0,8.837288293213113,2.945762764404371,422.24231712497004,450.0,0.8837288293213114,0.7364406911010928,0.0,0.0,-29.377852395452358,-1388.3596895030794,1.0,0.0,1,0,0.9953227886464447,0.008686249656602741,0.48750000000000004,0.5977672692202032
7,14,PremiumCloud,premium,forecast=180;price=7.00;quantity=20,180,190,196,188.4,-0.9043675636014175,0.0,2.4569055677849825,5.466666666666666,190.00000000000003,11.858378474602802,0.9171491283178329,0.9964364103972913,0.9964364103972913,0.6000000000000001,7.0,20,31.8583784746028,-3.4994210460186,0.1281456527845433,24.347674029063224,0.0,7.510704445539577,0.0,0.0,0.0,0.0,0.0,24.347674029063224,0.0,6.008563556431662,1.5021408891079155,170.43371820344257,72.0,0.480685084514533,0.30042817782158315,0.0,0.0,97.65260494110645,1143.8904681849178,1.0,0.0,0,0,0.9973273077979684,0.9973273077979684,0.6000000000000001,0.9178618462383746
7,14,SpotBroker,spot,forecast=180;price=5.40;quantity=60,180,190,196,188.4,-0.9043675636014175,0.0,2.4569055677849825,5.466666666666666,190.00000000000003,10.489020569124293,0.903345947710165,0.9915027413839868,0.9919819233939052,0.55,5.4,60,70.48902056912429,-2.5959848627478017,0.31627235099839096,60.09174668969428,0.0,10.39727387943001,0.0,0.0,0.0,0.0,0.0,60.09174668969428,0.0,8.109873625955409,2.287400253474602,324.4954321243491,244.8,0.973184835114649,0.5032280557644124,0.0,0.0,78.21901923347005,901.7175686285764,1.0,0.0,0,0,0.9936270560379901,0.9939864425454289,0.55,0.9050094607826237
7,15,Hyperscaler,hyperscaler,forecast=191;price=4.00;quantity=120,191,197,193,189.0,11.117764617811122,0.0,-3.2367228958766647,5.466666666666666,197.00000000000003,8.837288293213106,0.5977672692202032,0.9953227886464447,0.008686249656602741,0.48750000000000004,4.0,120,128.8372882932131,-2.032679276935756,0.5551438673192538,109.363341861893,0.0,19.4739464313201,0.0,0.0,0.0,0.0,0.0,109.363341861893,0.0,14.605459823490076,4.868486607830025,437.453367447572,576.0,1.4605459823490077,1.2171216519575063,0.0,0.0,-141.2243001867345,-1529.583989689814,1.0,0.0,1,0,0.9964920914848335,0.006514687242452056,0.48750000000000004,0.5977004519151524
7,15,PremiumCloud,premium,forecast=190;price=7.00;quantity=30,190,197,193,189.0,11.117764617811122,0.0,-3.2367228958766647,5.466666666666666,197.00000000000003,6.00856355643166,0.9178618462383746,0.9973273077979684,0.9973273077979684,0.6000000000000001,7.0,30,36.00856355643166,-3.49856578451395,0.1281678576858023,25.24906796410305,0.0,10.759495592328609,0.0,0.0,0.0,0.0,0.0,25.24906796410305,0.0,8.607596473862888,2.151899118465722,176.74347574872135,111.0,0.688607717909031,0.4303798236931444,0.0,0.0,64.62448820711917,1208.514956392037,1.0,0.0,0,0,0.9979954808484763,0.9979954808484763,0.6000000000000001,0.918396384678781
7,15,SpotBroker,spot,forecast=192;price=5.40;quantity=70,192,197,193,189.0,11.117764617811122,0.0,-3.2367228958766647,5.466666666666666,197.00000000000003,8.109873625955402,0.9050094607826237,0.9936270560379901,0.9939864425454289,0.55,5.4,70,78.1098736259554,-2.5939886470608515,0.31668827499494395,62.38759017400396,0.0,15.72228345195144,0.0,0.0,0.0,0.0,0.0,62.38759017400396,0.0,12.263381092522124,3.458902359429317,336.89298693962144,291.2,1.471605731102655,0.7609585190744498,0.0,0.0,43.46042268944434,945.1779913180208,1.0,0.0,0,0,0.9952202920284925,0.9954898319090717,0.55,0.9062570955869677
7,16,Hyperscaler,hyperscaler,forecast=194;price=4.00;quantity=110,194,198,197,189.6,12.671822360591289,0.0,-3.864852057286676,5.466666666666666,198.0,14.60545982349008,0.5977004519151524,0.9964920914848335,0.006514687242452056,0.48750000000000004,4.0,110,124.60545982349008,-2.032759457701817,0.5548151710620558,109.85340387028705,0.0,14.752055953203026,0.0,0.0,0.0,0.0,0.0,109.85340387028705,0.0,11.06404196490227,3.6880139883007566,439.4136154811482,511.5,1.106404196490227,0.9220034970751891,0.0,0.0,-74.11479221241721,-1603.698781902231,1.0,0.0,1,0,0.9973690686136252,0.004886015431839042,0.48750000000000004,0.5976503389363643
7,16,PremiumCloud,premium,forecast=192;price=7.00;quantity=20,192,198,197,189.6,12.671822360591289,0.0,-3.864852057286676,5.466666666666666,198.0,8.607596473862888,0.918396384678781,0.9979954808484763,0.9979954808484763,0.6000000000000001,7.0,20,28.607596473862888,-3.497924338385462,0.1281844384898366,25.380518820987646,0.0,3.2270776528752414,0.0,0.0,0.0,0.0,0.0,25.380518820987646,0.0,2.581662122300193,0.6454155305750483,177.66363174691352,72.0,0.20653296978401547,0.12908310611500967,0.0,0.0,105.3280156710145,1313.8429720630515,1.0,0.0,0,0,0.9984966106363573,0.9984966106363573,0.6000000000000001,0.9187972885090858
7,16,SpotBroker,spot,forecast=195;price=5.40;quantity=60,195,198,197,189.6,12.671822360591289,0.0,-3.864852057286676,5.466666666666666,198.0,12.263381092522124,0.9062570955869677,0.9952202920284925,0.9954898319090717,0.55,5.4,60,72.26338109252212,-2.5924914852956387,0.3170003904481075,62.766077308725286,0.0,9.497303783796838,0.0,0.0,0.0,0.0,0.0,62.766077308725286,0.0,7.407896951361534,2.089406832435304,338.93681746711655,244.8,0.888947634163384,0.45966950313576693,0.0,0.0,92.78820032981739,1037.966191647838,1.0,0.0,0,0,0.9964152190213693,0.9966173739318038,0.55,0.9071928216902257
7,17,Hyperscaler,hyperscaler,forecast=199;price=4.00;quantity=120,199,194,195,190.2,1.2244923137976373,0.0,2.685367789446038,5.466666666666666,194.0,11.064041964902259,0.5976503389363643,0.9973690686136252,0.004886015431839042,0.48750000000000004,4.0,120,131.06404196490226,-2.0328195932763626,0.5545685930405228,107.58630704986142,0.0,23.47773491504084,0.0,0.0,0.0,0.0,0.0,107.58630704986142,0.0,17.60830118628063,5.86943372876021,430.34522819944567,576.0,1.7608301186280633,1.4673584321900526,0.0,0.0,-148.88296035137245,-1752.5817422536036,1.0,0.0,1,0,0.9980268014602189,0.0036645115738792814,0.48750000000000004,0.5976127542022733
7,17,PremiumCloud,premium,forecast=196;price=7.00;quantity=30,196,194,195,190.2,1.2244923137976373,0.0,2.685367789446038,5.466666666666666,194.0,2.5816621223001945,0.9187972885090858,0.9984966106363573,0.9984966106363573,0.6000000000000001,7.0,30,32.581662122300195,-3.4974432537890965,0.12819683306942906,24.870185615469236,0.0,7.711476506830959,0.0,0.0,0.0,0.0,0.0,24.870185615469236,0.0,6.169181205464767,1.5422953013661918,174.09129930828465,111.0,0.4935344964371814,0.3084590602732384,0.0,0.0,62.28930575157423,1376.1322778146257,1.0,0.0,0,0,0.998872457977268,0.998872457977268,0.6000000000000001,0.9190979663818143
7,17,SpotBroker,spot,forecast=200;price=5.40;quantity=70,200,194,195,190.2,1.2244923137976373,0.0,2.685367789446038,5.466666666666666,194.0,7.407896951361536,0.9071928216902257,0.9964152190213693,0.9966173739318038,0.55,5.4,70,77.40789695136154,-2.5913686139717287,0.3172345738900482,61.54350733466936,0.0,15.86438961669218,0.0,0.0,0.0,0.0,0.0,61.54350733466936,0.0,12.3742239010199,3.4901657156722794,332.33493960721455,291.2,1.4849068681223878,0.7678364574479015,0.0,0.0,38.882196281644276,1076.8483879294824,1.0,0.0,0,0,0.997311414266027,0.9974630304488529,0.55,0.9078946162676693
7,18,Hyperscaler,hyperscaler,forecast=197;price=4.00;quantity=110,197,173,168,190.8,-15.816042990667235,0.0,-1.9230687613744406,5.466666666666666,173.0,17.608301186280627,0.5976127542022733,0.9980268014602189,0.0036645115738792814,0.48750000000000004,4.0,110,127.60830118628063,-2.0328646949572717,0.5543836281998683,95.90836767857722,0.0,31.699933507703406,0.0,0.0,0.0,0.0,0.0,95.90836767857722,0.0,23.774950130777555,7.9249833769258515,383.6334707143089,511.5,2.3774950130777555,1.9812458442314629,0.0,0.0,-132.22527014300033,-1884.807012396604,1.0,0.0,1,0,0.9985201010951642,0.002748383680409461,0.48750000000000004,0.5975845656517049
7,18,PremiumCloud,premium,forecast=195;price=7.00;quantity=30,195,173,168,190.8,-15.816042990667235,0.0,-1.9230687613744406,5.466666666666666,173.0,6.169181205464767,0.9190979663818143,0.998872457977268,0.998872457977268,0.6000000000000001,7.0,30,36.16918120546477,-3.4970824403418224,0.12820610591456072,22.179656323219003,0.0,13.989524882245764,0.0,0.0,0.0,0.0,0.0,22.179656323219003,0.0,11.191619905796612,2.797904976449153,155.25759426253302,111.0,0.895329592463729,0.5595809952898306,0.0,0.0,42.80268367477946,1418.9349614894052,1.0,0.0,0,0,0.999154343482951,0.999154343482951,0.6000000000000001,0.9193234747863607
7,18,SpotBroker,spot,forecast=199;price=5.40;quantity=70,199,173,168,190.8,-15.816042990667235,0.0,-1.9230687613744406,5.466666666666666,173.0,12.374223901019903,0.9078946162676693,0.997311414266027,0.9974630304488529,0.55,5.4,70,82.3742239010199,-2.5905264604787965,0.31741026588557103,54.911975998203786,0.0,27.462247902816117,0.0,0.0,0.0,0.0,0.0,54.911975998203786,0.0,21.42055336419657,6.041694538619546,296.52467039030046,291.2,2.5704664037035885,1.3291727984963002,0.0,0.0,1.42503118810058,1078.273419117583,1.0,0.0,0,0,0.9979835606995202,0.9980972728366396,0.55,0.908420962200752
7,19,Hyperscaler,hyperscaler,forecast=175;price=4.00;quantity=90,175,160,166,191.4,-26.625652254853144,0.0,-4.509513113084269,5.533333333333334,160.0,23.774950130777555,0.5975845656517049,0.9985201010951642,0.002748383680409461,0.48750000000000004,4.0,90,113.77495013077755,-2.032898521217954,0.5782324289585135,92.51718863336215,0.0,21.2577614974154,0.0,0.0,0.0,0.0,0.0,92.51718863336215,0.0,15.943321123061551,5.31444037435385,370.0687545334486,391.5,1.5943321123061551,1.3286100935884626,0.0,0.0,-24.354187672446006,-1909.16120006905,1.0,0.0,1,0,0.9988900758213731,0.0020612877603070957,0.48750000000000004,0.5975634242387787
7,19,PremiumCloud,premium,forecast=177;price=7.00;quantity=20,177,160,166,191.4,-26.625652254853144,0.0,-4.509513113084269,5.533333333333334,160.0,11.191619905796614,0.9193234747863607,0.999154343482951,0.999154343482951,0.6000000000000001,7.0,20,31.191619905796614,-3.496811830256367,0.13376206736937737,21.40193077910038,0.0,9.789689126696235,0.0,0.0,0.0,0.0,0.0,21.40193077910038,0.0,7.831751301356988,1.957937825339247,149.81351545370265,72.0,0.6265401041085591,0.3915875650678494,0.0,0.0,76.79538778452624,1495.7303492739313,1.0,0.0,0,0,0.9993657576122132,0.9993657576122132,0.6000000000000001,0.9194926060897706
7,19,SpotBroker,spot,forecast=176;price=5.60;quantity=40,176,160,166,191.4,-26.625652254853144,0.0,-4.509513113084269,5.533333333333334,160.0,21.42055336419657,0.908420962200752,0.9979835606995202,0.9980972728366396,0.55,5.6,40,61.42055336419657,-2.729894845359097,0.2880055036721092,46.08088058753747,0.0,15.3396727766591,0.0,0.0,0.0,0.0,0.0,46.08088058753747,0.0,11.964944765794097,3.374728010865002,258.0529312902098,156.8,1.4357933718952915,0.7424401623903004,0.0,0.0059999999999999784,99.06869775592422,1177.3421168735072,1.0,0.0,0,0,0.9984876705246402,0.9985729546274797,0.55,0.908815721650564
7,20,Hyperscaler,hyperscaler,forecast=168;price=4.00;quantity=100,168,160,161,192.0,-23.82402440518135,0.0,-7.68490589904277,5.6000000000000005,160.0,15.943321123061551,0.5975634242387787,0.9988900758213731,0.0020612877603070957,0.48750000000000004,4.0,100,115.94332112306155,-2.0329238909134655,0.6007422476620743,96.11875962593189,0.0,19.824561497129665,0.0,0.0,0.0,0.0,0.0,96.11875962593189,0.0,14.868421122847248,4.956140374282416,384.47503850372755,450.0,1.4868421122847248,1.239035093570604,0.0,0.0,-68.25083870212778,-1977.4120387711778,1.0,0.0,1,0,0.9991675568660299,0.0015459658202303219,0.48750000000000004,0.597547568179084
7,20,PremiumCloud,premium,forecast=169;price=7.00;quantity=20,169,160,161,192.0,-23.82402440518135,0.0,-7.68490589904277,5.6000000000000005,160.0,7.831751301356988,0.9194926060897706,0.9993657576122132,0.9993657576122132,0.6000000000000001,7.0,20,27.831751301356988,-3.496608872692275,0.13900098067502864,22.240156908004582,0.0,5.5915943933524055,0.0,0.0,0.0,0.0,0.0,22.240156908004582,0.0,4.473275514681925,1.1183188786704812,155.68109835603207,72.0,0.357862041174554,0.22366377573409624,0.0,0.0,83.09957253912341,1578.8299218130546,1.0,0.0,0,0,0.99952431820916,0.99952431820916,0.6000000000000001,0.919619454567328
7,20,SpotBroker,spot,forecast=169;price=5.80;quantity=50,169,160,161,192.0,-23.82402440518135,0.0,-7.68490589904277,5.6000000000000005,160.0,11.964944765794101,0.908815721650564,0.9984876705246402,0.9985729546274797,0.55,5.8,50,61.9649447657941,-2.8694211340193227,0.26025677166289707,41.641083466063535,0.0,20.323861299730567,0.0,0.0,0.0,0.0,0.0,41.641083466063535,0.0,15.852611813789842,4.471249485940724,241.5182841031685,200.0,1.902313417654781,0.9836748869069594,0.0,0.006000000000000005,38.626295798606755,1215.968412672114,1.0,0.0,0,0,0.9988657528934801,0.9989297159706099,0.55,0.9091117912379231
7,21,Hyperscaler,hyperscaler,forecast=160;price=4.00;quantity=90,160,182,175,192.6,-9.998997592769934,0.0,-0.4725748318501015,5.6000000000000005,176.72041805870188,14.868421122847252,0.597547568179084,0.9991675568660299,0.0015459658202303219,0.48750000000000004,4.0,90,104.86842112284725,-2.032942918185099,0.6006694222180339,109.32183484368217,4.4534137208349165,0.0,0.0,0.0,0.0,0.0,0.0,104.86842112284725,4.4534137208349165,0.0,0.0,419.473684491389,391.5,0.0,0.0,5.3440964650019,0.0,22.629588026387108,-1954.7824507447906,0.9592632731859762,0.0,1,0,0.9891914859460165,0.0011594743651727414,0.48750000000000004,0.59244358528256
7,21,PremiumCloud,premium,forecast=162;price=7.00;quantity=20,162,182,175,192.6,-9.998997592769934,0.0,-0.4725748318501015,5.6000000000000005,176.72041805870188,4.473275514681923,0.919619454567328,0.99952431820916,0.99952431820916,0.6000000000000001,7.0,20,24.473275514681923,-3.496456654519206,0.13900793261068745,25.299443735145115,0.8261682204631917,0.0,0.0,0.0,0.0,0.0,0.0,24.473275514681923,0.8261682204631917,0.0,0.0,171.31292860277347,72.0,0.0,0.0,1.2392523306947876,0.0,98.07367627207869,1676.9035980851334,0.9673444116356003,0.0,0,0,0.9914793415657701,0.99964323865687,0.6000000000000001,0.915632642379946
7,21,SpotBroker,spot,forecast=161;price=5.80;quantity=40,161,182,175,192.6,-9.998997592769934,0.0,-0.4725748318501015,5.6000000000000005,176.72041805870188,15.852611813789842,0.9091117912379231,0.9988657528934801,0.9989297159706099,0.55,5.8,40,55.85261181378984,-2.8690658505144917,0.2603226451712786,47.378721421172706,0.0,8.473890392617136,0.0,0.0,0.0,0.0,0.0,47.378721421172706,0.0,6.609634506241366,1.8642558863757699,274.7965842428017,156.8,0.7931561407489639,0.4101362950026694,0.0,0.0,116.79329180705007,1332.761704479164,1.0,0.0,0,0,0.99914931467011,0.9991972869779574,0.41250000000000003,0.8818338434284423
7,22,Hyperscaler,hyperscaler,forecast=170;price=4.00;quantity=120,170,198,205,193.2,4.263033394959299,0.0,0.12666183030918857,5.533333333333334,198.0,0.0,0.59244358528256,0.9891914859460165,0.0011594743651727414,0.48750000000000004,4.0,120,120.0,-2.039067697660928,0.5823580826428686,115.30690036328798,0.0,4.69309963671202,0.0,0.0,0.0,0.0,0.0,115.30690036328798,0.0,3.519824727534015,1.173274909178005,461.2276014531519,576.0,0.35198247275340155,0.29331872729450126,0.0,0.0,-115.41769974689599,-2070.2001504916866,1.0,0.0,1,0,0.9918936144595123,0.000869605773879556,0.48750000000000004,0.59370768896192
7,22,PremiumCloud,premium,forecast=170;price=7.00;quantity=30,170,198,205,193.2,4.263033394959299,0.0,0.12666183030918857,5.533333333333334,198.0,0.0,0.915632642379946,0.9914793415657701,0.99964323865687,0.6000000000000001,7.0,30,30.0,-3.501240829144064,0.13495108633311775,26.720315093957314,0.0,3.279684906042686,0.0,0.0,0.0,0.0,0.0,26.720315093957314,0.0,2.6237479248341486,0.6559369812085372,187.0422056577012,111.0,0.2098998339867319,0.13118739624170744,0.0,0.0,75.70111842747276,1752.604716512606,1.0,0.0,0,0,0.9936095061743275,0.9997324289926525,0.6000000000000001,0.9167244817849595
7,22,SpotBroker,spot,forecast=170;price=5.60;quantity=60,170,198,205,193.2,4.263033394959299,0.0,0.12666183030918857,5.533333333333334,198.0,6.609634506241363,0.8818338434284423,0.99914931467011,0.9991972869779574,0.41250000000000003,5.6,60,66.60963450624136,-2.7617993878858687,0.2826908310240137,55.97278454275472,0.0,10.636849963486647,0.0,0.0,0.0,0.0,0.0,55.97278454275472,0.0,8.296742971519585,2.3401069919670623,313.4475934394264,244.8,0.9956091565823502,0.5148235382327537,0.0,0.006000000000000005,67.13116074461128,1399.8928652237753,1.0,0.0,0,0,0.9993619860025825,0.999397965233468,0.41250000000000003,0.8820003825713316
7,23,Hyperscaler,hyperscaler,forecast=198;price=4.00;quantity=120,198,188,186,193.8,8.356574591144623,0.0,-14.043548949332708,5.6000000000000005,188.0,3.519824727534015,0.59370768896192,0.9918936144595123,0.000869605773879556,0.48750000000000004,4.0,120,123.51982472753402,-2.037550773245696,0.604910723670277,113.72321605001207,0.0,9.796608677521945,0.0,0.0,0.0,0.0,0.0,113.72321605001207,0.0,7.347456508141459,2.4491521693804863,454.8928642000483,576.0,0.7347456508141459,0.6122880423451216,0.0,0.0,-122.454169493111,-2192.6543199847974,1.0,0.0,1,0,0.9939202108446342,0.000652204330409667,0.48750000000000004,0.59465576672144
7,23,PremiumCloud,premium,forecast=193;price=7.00;quantity=30,193,188,186,193.8,8.356574591144623,0.0,-14.043548949332708,5.6000000000000005,188.0,2.6237479248341486,0.9167244817849595,0.9936095061743275,0.9997324289926525,0.6000000000000001,7.0,30,32.62374792483415,-3.499930621858048,0.14014828411728797,26.34787741405014,0.0,6.27587051078401,0.0,0.0,0.0,0.0,0.0,26.34787741405014,0.0,5.020696408627209,1.2551741021568021,184.43514189835096,111.0,0.4016557126901767,0.25103482043136044,0.0,0.0,72.78245136522943,1825.3871678778355,1.0,0.0,0,0,0.9952071296307456,0.9997993217444894,0.6000000000000001,0.9175433613387196
7,23,SpotBroker,spot,forecast=202;price=5.80;quantity=60,202,188,186,193.8,8.356574591144623,0.0,-14.043548949332708,5.6000000000000005,188.0,8.296742971519592,0.8820003825713316,0.9993619860025825,0.999397965233468,0.41250000000000003,5.8,60,68.29674297151959,-2.9015995409144013,0.2549409922124351,47.9289065359378,0.0,20.367836435581793,0.0,0.0,0.0,0.0,0.0,47.9289065359378,0.0,15.886912419753799,4.480924015827995,277.98765790843925,244.8,1.9064294903704557,0.9858032834821588,0.0,0.006000000000000005,30.28942513458662,1430.1822903583618,1.0,0.0,0,0,0.9995214895019369,0.999548473925101,0.41250000000000003,0.8821252869284988
7,24,Hyperscaler,hyperscaler,forecast=192;price=4.00;quantity=120,192,187,183,194.4,-0.362674967862854,0.0,-7.062571207579505,5.6000000000000005,187.0,7.3474565081414625,0.59465576672144,0.9939202108446342,0.000652204330409667,0.48750000000000004,4.0,120,127.34745650814146,-2.0364130799342717,0.6050761726955964,113.14924429407654,0.0,14.198212214064924,0.0,0.0,0.0,0.0,0.0,113.14924429407654,0.0,10.648659160548693,3.549553053516231,452.59697717630615,576.0,1.0648659160548692,0.8873882633790577,0.0,0.0,-125.35527700312777,-2318.0095969879253,1.0,0.0,1,0,0.9954401581334756,0.0004891532478072503,0.48750000000000004,0.59536682504108
7,24,PremiumCloud,premium,forecast=189;price=7.00;quantity=30,189,187,183,194.4,-0.362674967862854,0.0,-7.062571207579505,5.6000000000000005,187.0,5.0206964086272095,0.9175433613387196,0.9952071296307456,0.9997993217444894,0.6000000000000001,7.0,30,35.02069640862721,-3.498947966393536,0.1401648835033624,26.21083321512877,0.0,8.80986319349844,0.0,0.0,0.0,0.0,0.0,26.21083321512877,0.0,7.0478905547987525,1.7619726386996881,183.4758325059014,111.0,0.5638312443839002,0.3523945277399376,0.0,0.0,71.55960673377756,1896.9467746116131,1.0,0.0,0,0,0.9964053472230592,0.9998494913083671,0.6000000000000001,0.9181575210040397
7,24,SpotBroker,spot,forecast=195;price=5.80;quantity=50,195,187,183,194.4,-0.362674967862854,0.0,-7.062571207579505,5.6000000000000005,187.0,15.886912419753799,0.8821252869284988,0.9995214895019369,0.999548473925101,0.41250000000000003,5.8,50,65.8869124197538,-2.901449655685801,0.25475894380104114,47.639922490794696,0.0,18.246989928959103,0.0,0.0,0.0,0.0,0.0,47.639922490794696,0.0,14.232652144588101,4.014337784371002,276.3115504466092,200.0,1.707918257350572,0.8831543125616205,0.0,0.0,73.72047787669702,1503.9027682350588,1.0,0.0,0,0,0.9996411171264526,0.9996613554438258,0.41250000000000003,0.8822189651963741
7,25,Hyperscaler,hyperscaler,forecast=190;price=4.00;quantity=120,190,181,181,195.0,-14.605762958259444,0.0,0.30357303498400157,5.6000000000000005,181.0,10.648659160548704,0.59536682504108,0.9954401581334756,0.0004891532478072503,0.48750000000000004,4.0,120,130.6486591605487,-2.035559809950704,0.605200218774567,109.54123959819663,0.0,21.107419562352078,0.0,0.0,0.0,0.0,0.0,109.54123959819663,0.0,15.830564671764058,5.2768548905880195,438.1649583927865,576.0,1.583056467176406,1.3192137226470049,0.0,0.0,-140.7373117970369,-2458.746908784962,1.0,0.0,1,0,0.9965801186001068,0.0003668649358554377,0.48750000000000004,0.5959001187808101
7,25,PremiumCloud,premium,forecast=186;price=7.00;quantity=30,186,181,181,195.0,-14.605762958259444,0.0,0.30357303498400157,5.6000000000000005,181.0,7.047890554798755,0.9181575210040397,0.9964053472230592,0.9998494913083671,0.6000000000000001,7.0,30,37.047890554798755,-3.4982109747951515,0.14017731803024525,25.37209456347439,0.0,11.675795991324364,0.0,0.0,0.0,0.0,0.0,25.37209456347439,0.0,9.340636793059492,2.335159198264873,177.60466194432075,111.0,0.7472509434447594,0.4670318396529746,0.0,0.0,65.39037916122302,1962.3371537728362,1.0,0.0,0,0,0.9973040104172943,0.9998871184812753,0.6000000000000001,0.9186181407530297
7,25,SpotBroker,spot,forecast=193;price=5.80;quantity=50,193,181,181,195.0,-14.605762958259444,0.0,0.30357303498400157,5.6000000000000005,181.0,14.232652144588101,0.8822189651963741,0.9996411171264526,0.9996613554438258,0.41250000000000003,5.8,50,64.2326521445881,-2.9013372417643506,0.25462246319518766,46.08666583832897,0.0,18.145986306259132,0.0,0.0,0.0,0.0,0.0,46.08666583832897,0.0,14.153869318882125,3.9921169873770093,267.302661862308,200.0,1.698464318265855,0.878265737222942,0.0,0.0,64.72593180681922,1568.6287000418781,1.0,0.0,0,0,0.9997308378448395,0.9997460165828693,0.41250000000000003,0.8822892238972806
7,26,Hyperscaler,hyperscaler,forecast=183;price=4.00;quantity=110,183,163,167,195.6,-22.67081995336121,0.0,-10.115988734335588,5.533333333333334,163.0,15.830564671764051,0.5959001187808101,0.9965801186001068,0.0003668649358554377,0.48750000000000004,4.0,110,125.83056467176405,-2.0349198574630276,0.5829950079388999,95.02818629404068,0.0,30.80237837772337,0.0,0.0,0.0,0.0,0.0,95.02818629404068,0.0,23.10178378329253,7.700594594430843,380.1127451761627,511.5,2.310178378329253,1.9251486486077107,0.0,0.0,-135.62258185077425,-2594.3694906357364,1.0,0.0,1,0,0.99743508895008,0.0002751487018915783,0.48750000000000004,0.5963000890856075
7,26,PremiumCloud,premium,forecast=182;price=7.00;quantity=20,182,163,167,195.6,-22.67081995336121,0.0,-10.115988734335588,5.533333333333334,163.0,9.340636793059492,0.9186181407530297,0.9973040104172943,0.9998871184812753,0.6000000000000001,7.0,20,29.340636793059492,-3.4976582310963638,0.1350223405048658,22.008641502293127,0.0,7.331995290766365,0.0,0.0,0.0,0.0,0.0,22.008641502293127,0.0,5.865596232613092,1.466399058153273,154.06049051605189,72.0,0.4692476986090474,0.29327981163065464,0.0,0.0,81.29796300581218,2043.6351167786484,1.0,0.0,0,0,0.9979780078129707,0.9999153388609565,0.6000000000000001,0.9189636055647723
7,26,SpotBroker,spot,forecast=185;price=5.60;quantity=60,185,163,167,195.6,-22.67081995336121,0.0,-10.115988734335588,5.533333333333334,163.0,14.15386931888213,0.8822892238972806,0.9997308378448395,0.9997460165828693,0.41250000000000003,5.6,60,74.15386931888213,-2.7612529313232628,0.2819826515562343,45.96317220366619,0.0,28.19069711521594,0.0,0.0,0.0,0.0,0.0,45.96317220366619,0.0,21.988743749868433,6.2019533653475065,257.39376434053065,244.8,2.638649249984212,1.3644297403764514,0.0,0.006000000000000005,8.584685350169977,1577.2133853920482,1.0,0.0,0,0,0.9997981283836297,0.999809512437152,0.41250000000000003,0.8823419179229605
7,27,Hyperscaler,hyperscaler,forecast=169;price=4.00;quantity=90,169,179,184,196.2,-17.297484983571344,0.0,0.13315489829599247,5.533333333333334,179.0,23.101783783292532,0.5963000890856075,0.99743508895008,0.0002751487018915783,0.48750000000000004,4.0,90,113.10178378329253,-2.0344398930972707,0.583068659798069,104.36929010385435,0.0,8.732493679438178,0.0,0.0,0.0,0.0,0.0,104.36929010385435,0.0,6.549370259578634,2.1831234198595446,417.4771604154174,391.5,0.6549370259578634,0.5457808549648862,0.0,0.0,24.776442534494667,-2569.5930481012415,1.0,0.0,1,0,0.99807631671256,0.00020636152641868372,0.48750000000000004,0.5966000668142056
7,27,PremiumCloud,premium,forecast=171;price=7.00;quantity=20,171,179,184,196.2,-17.297484983571344,0.0,0.13315489829599247,5.533333333333334,179.0,5.865596232613093,0.9189636055647723,0.9979780078129707,0.9999153388609565,0.6000000000000001,7.0,20,25.865596232613093,-3.4972436733222727,0.13503056618551865,24.170471347207837,0.0,1.6951248854052565,0.0,0.0,0.0,0.0,0.0,24.170471347207837,0.0,1.3560999083242053,0.33902497708105134,169.19329943045486,72.0,0.10848799266593644,0.06780499541621027,0.0,0.0,97.0170064423727,2140.652123221021,1.0,0.0,0,0,0.9984835058597281,0.9999365041457173,0.6000000000000001,0.9192227041735793
7,27,SpotBroker,spot,forecast=169;price=5.60;quantity=40,169,179,184,196.2,-17.297484983571344,0.0,0.13315489829599247,5.533333333333334,179.0,21.988743749868433,0.8823419179229605,0.9997981283836297,0.999809512437152,0.41250000000000003,5.6,40,61.98874374986843,-2.761189698492447,0.2819007740164124,50.46023854893782,0.0,11.528505200930617,0.0,0.0,0.0,0.0,0.0,50.46023854893782,0.0,8.99223405672588,2.536271144204736,282.57733587405176,156.8,1.0790680868071056,0.5579796517250419,0.0,0.0,124.14028813551958,1701.3536735275677,1.0,0.0,0,0,0.9998485962877223,0.9998571343278639,0.41250000000000003,0.8823814384422204
7,28,Hyperscaler,hyperscaler,forecast=180;price=4.00;quantity=120,180,206,208,196.8,-1.1859921415770212,0.0,10.144101596581418,5.533333333333334,205.99999999999997,6.549370259578637,0.5966000668142056,0.99807631671256,0.00020636152641868372,0.48750000000000004,4.0,120,126.54937025957864,-2.034079919822953,0.5831238919481494,120.12352174131878,0.0,6.425848518259855,0.0,0.0,0.0,0.0,0.0,120.12352174131878,0.0,4.819386388694891,1.6064621295649637,480.49408696527513,576.0,0.4819386388694891,0.4016155323912409,0.0,0.0,-96.38946720598561,-2665.982515307227,1.0,0.0,1,0,0.99855723753442,0.00015477114481401278,0.48750000000000004,0.5968250501106542
7,28,PremiumCloud,premium,forecast=180;price=7.00;quantity=30,180,206,208,196.8,-1.1859921415770212,0.0,10.144101596581418,5.533333333333334,205.99999999999997,1.3560999083242038,0.9192227041735793,0.9984835058597281,0.9999365041457173,0.6000000000000001,7.0,30,31.356099908324204,-3.496932754991704,0.13503673279902623,27.817566956599403,0.0,3.5385329517248003,0.0,0.0,0.0,0.0,0.0,27.817566956599403,0.0,2.8308263613798403,0.7077065903449601,194.72296869619584,111.0,0.22646610891038724,0.14154131806899203,0.0,0.0,83.35496126921646,2224.0070844902375,1.0,0.0,0,0,0.9988626293947961,0.999952378109288,0.6000000000000001,0.9194170281301844
7,28,SpotBroker,spot,forecast=181;price=5.60;quantity=60,181,206,208,196.8,-1.1859921415770212,0.0,10.144101596581418,5.533333333333334,205.99999999999997,8.992234056725877,0.8823814384422204,0.9998485962877223,0.9998571343278639,0.41250000000000003,5.6,60,68.99223405672588,-2.7611422738693348,0.28183937525282426,58.058911302081796,0.0,10.933322754644081,0.0,0.0,0.0,0.0,0.0,58.058911302081796,0.0,8.527991748622384,2.4053310060216977,325.129903291658,244.8,1.023359009834686,0.5291728213247735,0.0,0.0,78.77737146049854,1780.1310449880662,1.0,0.0,0,0,0.9998864472157917,0.999892850745898,0.41250000000000003,0.8824110788316653
7,29,Hyperscaler,hyperscaler,forecast=201;price=4.00;quantity=120,201,218,212,197.4,14.977334248025937,0.0,5.39976477091247,5.533333333333334,215.68934831466058,4.819386388694895,0.5968250501106542,0.99855723753442,0.00015477114481401278,0.48750000000000004,4.0,120,124.8193863886949,-2.033809939867215,0.5831653122662124,127.1300380740343,2.3106516853394083,0.0,0.0,0.0,0.0,0.0,0.0,124.8193863886949,2.3106516853394083,0.0,0.0,499.2775455547796,576.0,0.0,0.0,2.77278202240729,0.0,-79.4952364676277,-2745.477751774855,0.9818245025302847,0.0,1,0,0.9943740537833863,0.00011607835861050958,0.48750000000000004,0.5947218503992763
7,29,PremiumCloud,premium,forecast=198;price=7.00;quantity=30,198,218,212,197.4,14.977334248025937,0.0,5.39976477091247,5.533333333333334,215.68934831466058,2.8308263613798417,0.9194170281301844,0.9988626293947961,0.999952378109288,0.6000000000000001,7.0,30,32.83082636137984,-3.496699566243778,0.13504135627022143,29.439015666908272,0.0,3.3918106944715696,0.0,0.0,0.0,0.0,0.0,29.439015666908272,0.0,2.713448555577256,0.678362138894314,206.07310966835792,111.0,0.21707588444618048,0.1356724277788628,0.0,0.0,94.72036135613288,2318.7274458463703,1.0,0.0,0,0,0.999146972046097,0.999964283581966,0.45000000000000007,0.8895627710976384
7,29,SpotBroker,spot,forecast=204;price=5.60;quantity=70,204,218,212,197.4,14.977334248025937,0.0,5.39976477091247,5.533333333333334,215.68934831466058,8.527991748622384,0.8824110788316653,0.9998864472157917,0.999892850745898,0.41250000000000003,5.6,70,78.52799174862238,-2.761106705402001,0.2817933314635661,61.430946259057414,0.0,17.09704548956497,0.0,0.0,0.0,0.0,0.0,61.430946259057414,0.0,13.335695481860677,3.7613500077042934,344.0132990507215,291.2,1.6002834578232812,0.8274970016949446,0.0,0.0,50.3855185912033,1830.5165635792694,1.0,0.0,0,0,0.9999148354118438,0.9999196380594235,0.309375,0.861808309123749
